id,commit,days
1,true,0
2,false,32
3,true,302
4,true,279
5,false,109
6,false,1
7,true,0
8,true,0
10,true,0
11,true,85
12,true,0
13,true,19
14,true,0
15,true,0
16,false,0
17,false,0
18,false,0
19,true,0
20,true,0
21,true,2
22,false,0
23,false,13
24,true,0
25,false,0
26,true,0
27,true,0
28,false,0
29,false,0
30,true,13
31,true,0
32,true,0
33,true,2
34,false,8
35,true,76
36,true,74
37,false,1
38,true,3
39,true,4
40,false,0
41,true,0
42,false,183
43,true,8
44,true,1
45,true,0
46,true,12
47,false,109
48,true,0
49,false,1
50,true,7
51,true,0
52,true,0
53,true,0
54,true,0
55,true,4
56,true,17
57,false,0
58,true,5
59,false,0
60,false,0
61,false,48
64,true,0
65,true,0
66,true,0
67,false,46
68,false,0
69,false,6
70,false,4
71,true,56
72,false,0
73,true,44
74,false,0
75,true,0
76,false,0
77,false,0
78,false,0
79,true,44
80,true,0
81,false,0
82,false,0
83,true,0
84,true,4
85,true,25
86,true,0
87,true,26
88,true,0
89,true,29
90,true,23
91,false,0
92,false,130
93,false,34
94,false,10
95,true,7
96,true,1
97,true,0
98,false,0
99,true,1
100,false,0
101,false,5
103,true,0
104,false,0
105,false,9
106,true,0
107,false,0
108,true,0
110,false,5
111,false,7
112,false,0
113,false,0
114,false,873
115,false,0
116,false,0
117,false,0
118,true,0
119,true,0
120,true,263
121,true,1
122,false,102
123,false,50
124,true,35
125,false,0
126,false,0
127,true,0
128,true,1
129,true,0
130,false,0
131,true,0
132,true,0
133,false,0
134,false,0
135,false,0
136,true,33
137,false,0
138,true,0
139,true,2
140,false,1
141,false,97
142,false,1
143,true,0
144,true,0
145,true,0
146,true,0
147,true,28
148,true,0
149,true,0
150,false,82
151,false,27
152,true,0
153,true,21
154,true,151
155,false,0
156,true,6
157,false,19
158,false,0
159,true,10
160,false,215
161,false,1
162,true,6
163,false,0
164,true,6
165,false,0
166,true,0
167,true,0
168,false,5
169,false,16
170,false,0
171,false,11
172,true,1
173,true,8
174,true,35
175,false,0
176,true,6
177,false,6
178,true,5
179,true,360
180,false,6
181,false,0
182,false,5
183,false,1008
184,false,4
185,true,12
186,false,3
187,false,0
188,false,5
189,true,0
190,true,63
191,false,0
192,false,2
193,false,115
194,true,80
195,false,0
196,false,0
197,false,0
198,false,6
199,false,0
200,false,0
201,false,0
202,false,0
203,false,0
204,false,0
205,false,0
206,false,0
207,false,0
208,false,0
209,false,0
210,false,74
211,false,50
212,false,0
213,false,0
214,false,0
215,true,952
216,false,0
217,false,3
218,true,11
220,true,320
221,true,1
222,false,0
223,false,19
224,false,2
225,true,0
226,true,0
227,false,0
228,false,7
229,false,0
230,false,1
231,true,69
232,true,0
233,false,592
235,false,0
236,true,0
237,true,0
238,true,15
239,false,2
240,true,7
241,true,3
242,false,0
243,true,0
244,true,109
245,true,549
246,false,66
247,false,0
248,false,0
249,false,3
250,true,0
251,true,0
252,true,7
253,false,0
254,false,0
255,false,0
256,true,0
257,true,0
258,false,0
259,false,6
260,false,0
261,false,0
262,false,0
263,false,0
264,false,0
265,true,1
266,true,0
267,true,73
268,true,0
269,true,37
270,false,12
271,false,513
272,false,0
273,false,0
274,true,0
275,false,2
276,true,3
277,true,0
278,true,9
279,false,0
280,true,2
281,false,0
282,false,0
283,false,0
284,false,0
285,false,0
286,true,1
287,true,9
288,true,1
289,true,0
290,false,0
291,false,49
292,true,200
293,true,65
294,false,1
295,false,48
296,false,61
297,false,8
298,false,0
299,false,0
300,false,0
301,false,0
302,true,69
303,false,0
304,false,0
305,false,0
306,false,0
307,false,0
308,false,6
309,false,59
310,false,0
311,true,16
312,true,14
313,false,1
314,false,0
315,true,1
316,false,0
317,true,0
318,false,0
319,false,0
320,false,0
321,false,0
322,false,54
323,false,209
324,true,32
325,false,9
326,false,0
327,false,0
328,false,0
329,true,7
330,true,213
331,true,0
332,true,0
333,false,39
334,false,5
335,true,0
336,false,0
337,false,0
338,false,2
339,false,10
340,false,50
341,false,0
342,true,0
343,false,1
344,true,30
345,false,0
346,true,70
347,false,48
348,false,2
349,false,1
350,false,1
351,false,0
352,true,4
353,false,33
354,false,202
355,false,0
356,false,48
357,false,0
358,true,66
359,false,0
360,true,0
361,true,0
362,false,0
363,false,1
364,true,26
365,false,0
366,true,0
367,false,0
368,false,0
369,true,0
370,true,1
371,false,0
372,false,0
373,false,0
374,false,0
375,false,0
376,false,38
377,false,0
378,false,78
379,false,0
380,false,54
381,false,37
382,false,0
383,true,38
384,false,2
386,true,0
387,false,0
388,false,62
389,false,2
390,false,1
391,false,32
392,false,5
393,false,1
394,false,31
395,true,79
396,false,779
398,false,29
399,false,2
400,false,0
401,false,1
402,false,0
403,true,0
404,false,39
405,false,0
406,false,0
407,false,6
408,false,0
409,false,0
410,false,3
411,false,1
412,false,16
413,false,0
414,false,0
415,false,170
416,false,10
417,false,13
418,true,4
419,false,190
420,false,256
421,false,20
422,false,7
423,false,0
424,true,45
425,true,16
426,true,38
427,false,9
428,false,1
429,false,5
430,true,240
431,false,0
432,false,88
433,false,0
434,false,0
435,false,21
436,true,6
437,true,6
439,false,288
440,false,251
442,false,3
443,true,0
445,false,0
446,true,0
447,false,0
448,false,0
449,false,0
450,true,0
451,false,3
452,false,0
453,true,4
454,false,17
455,false,0
456,false,7
457,false,22
458,true,0
459,true,0
460,true,0
461,false,0
462,false,4
463,true,1
464,true,57
465,false,0
466,true,0
467,false,0
468,false,34
469,false,113
470,true,2
471,true,0
472,false,13
473,true,0
474,false,0
475,false,0
476,true,112
477,false,0
478,false,0
479,true,9
480,false,0
481,true,0
482,true,0
483,true,18
484,false,0
485,false,0
486,false,0
487,true,12
488,false,11
489,true,0
490,false,0
491,false,0
492,true,30
493,true,2
494,false,0
495,false,0
496,false,109
497,false,0
498,false,1
499,false,0
500,false,0
501,false,0
502,false,43
503,false,0
504,false,8
505,false,14
506,false,27
507,false,13
508,false,0
509,true,50
510,false,0
511,false,2
512,false,0
513,false,0
514,false,0
515,false,0
516,false,5
517,false,0
518,false,2
519,false,0
520,false,4
521,false,5
522,true,2
523,false,1
524,false,0
525,false,0
526,true,1
528,false,0
529,false,0
530,true,0
531,true,0
532,false,0
533,false,2
534,false,11
535,false,17
536,false,0
537,false,0
538,false,0
539,false,0
540,true,0
541,false,4
542,false,0
543,true,9
544,false,1
545,false,0
546,false,0
547,false,0
548,false,1
549,true,10
550,false,14
552,false,0
553,false,13
554,false,0
555,true,0
556,false,1
557,false,0
558,false,1
559,true,378
560,false,0
561,true,11
562,false,0
563,false,0
564,false,0
565,false,2
566,false,0
567,false,0
568,false,0
569,false,0
570,false,8
571,false,1
572,false,0
573,false,215
574,false,7
575,false,33
576,false,88
577,true,4
578,false,123
579,true,0
580,true,87
581,false,0
582,false,319
583,false,3
584,false,3
585,false,0
586,true,4
587,true,4
588,false,219
589,false,3
590,false,0
591,false,0
592,true,9
593,false,0
594,false,14
595,false,0
596,false,6
598,true,5
599,false,217
600,false,0
601,false,1
602,true,0
603,false,0
604,true,0
605,false,1
606,false,11
607,true,3
608,false,0
609,false,2
610,false,0
611,true,5
612,true,18
613,true,5
614,false,40
618,true,0
619,false,0
620,false,40
621,false,141
622,false,39
624,false,441
625,false,0
626,false,0
627,true,0
628,true,381
629,true,119
630,false,214
631,false,0
632,false,9
633,false,0
634,false,0
635,false,1
636,true,0
637,false,2
638,true,22
639,false,0
640,false,6
641,false,37
642,false,21
643,false,12
644,true,0
645,false,0
646,false,0
647,false,0
648,true,0
649,false,0
650,false,0
651,false,1
652,false,52
653,true,0
654,false,0
655,true,0
656,true,0
657,true,0
658,false,0
659,true,0
660,false,16
661,false,32
662,false,0
663,true,0
664,false,1
665,false,0
666,true,76
667,false,0
668,false,0
669,false,0
670,false,108
671,false,0
672,false,0
673,false,16
674,false,1
675,false,0
676,false,0
677,true,79
678,false,0
679,false,237
680,true,5
681,true,1
682,true,1
683,false,1
684,false,1
685,false,0
686,false,0
687,false,0
688,false,0
689,false,5
690,true,0
691,false,28
692,true,1
693,false,0
694,true,1
695,true,1
696,false,176
697,false,0
699,false,0
700,true,0
701,true,10
702,false,69
703,true,6
704,false,25
705,false,0
706,false,95
707,true,0
708,false,10
709,false,24
710,false,2
711,false,0
712,false,51
713,false,0
714,false,0
715,true,7
716,false,0
717,false,0
718,true,0
719,true,76
720,false,16
721,false,1
722,false,0
723,false,143
724,false,98
725,false,39
726,false,0
727,true,6
728,false,0
729,true,1
730,false,0
731,false,1
732,true,0
733,false,41
734,false,13
735,false,23
736,false,0
737,false,0
738,false,0
739,true,3
740,true,13
741,false,0
742,false,18
743,false,11
744,false,0
745,true,0
746,false,0
747,false,0
748,true,1
749,false,0
750,false,1
751,false,15
752,false,0
753,false,0
754,false,0
755,false,0
756,false,0
757,false,0
758,false,14
759,false,0
761,false,0
762,true,181
763,true,1
764,true,0
765,true,23
766,false,0
767,false,12
768,false,0
769,false,0
770,false,12
771,true,0
772,true,0
773,false,5
774,false,12
775,false,14
777,true,1
778,false,4
779,false,4
780,false,87
781,true,13
782,false,11
783,false,10
784,false,2
785,false,0
786,false,9
787,false,1
788,false,2
789,false,12
790,false,1
791,false,0
792,true,0
793,false,0
794,false,0
795,false,0
796,true,0
797,false,0
798,false,6
799,false,0
800,false,0
802,false,23
803,false,82
805,true,5
806,true,5
807,true,89
808,true,0
809,true,0
810,true,0
811,false,26
812,false,0
813,false,0
814,false,0
815,false,48
816,true,72
817,false,5
818,false,2
819,false,0
820,false,0
821,false,3
822,false,0
823,true,2
824,false,0
825,true,0
826,false,79
827,false,0
828,false,1
829,false,1
830,false,5
832,false,0
833,false,2
834,false,0
835,false,1
836,false,0
838,false,0
839,false,1
840,false,0
841,true,1
842,false,0
843,false,76
844,false,0
845,false,0
846,true,0
847,true,0
848,false,1
849,true,20
850,false,0
851,false,0
852,false,0
853,false,0
854,false,0
855,false,0
856,true,17
857,true,0
858,true,0
859,false,0
860,false,0
861,false,0
862,true,0
864,false,0
865,true,0
866,true,2
867,false,172
868,false,0
869,false,0
870,false,2
871,false,0
874,false,28
875,false,0
876,false,0
877,false,2
878,true,0
879,false,1
880,false,1
881,false,1
882,false,0
883,false,0
884,false,0
885,false,0
886,false,0
887,false,0
888,false,0
889,true,20
890,false,0
891,false,6
892,false,0
893,false,1
894,false,32
895,false,0
896,false,0
897,false,0
898,false,0
900,false,0
901,true,587
902,false,7
903,false,2
904,false,2
905,false,0
907,false,1
908,false,0
909,false,0
910,false,14
911,false,3
912,false,0
913,false,3
914,true,0
915,true,4
916,false,16
917,true,0
918,true,0
919,true,0
920,false,0
921,false,0
922,false,0
923,false,59
924,false,0
925,false,0
926,false,0
927,false,32
928,false,23
929,false,1
930,false,2
931,false,6
932,false,0
933,false,22
934,true,23
935,false,0
936,false,44
937,false,2
938,false,0
939,false,36
940,false,52
941,false,15
942,true,0
943,true,22
945,true,3
946,false,49
947,false,0
948,false,5
949,false,0
951,false,0
952,true,2
953,false,8
954,false,0
955,false,0
956,false,6
957,true,0
958,false,0
960,false,228
961,false,0
962,true,15
963,true,63
964,true,14
965,false,0
967,false,0
968,false,3
969,false,0
970,false,0
971,false,44
972,false,0
973,false,0
974,false,8
975,true,1
976,false,43
977,false,20
978,false,0
979,false,7
980,true,0
981,true,136
982,false,0
983,false,0
984,true,1
985,false,121
986,false,0
987,true,270
988,false,47
989,false,40
990,false,0
991,false,0
992,false,0
993,false,0
994,true,15
995,false,5
996,true,1
997,false,1
998,false,0
999,false,3
1000,true,4
1001,true,0
1002,false,0
1003,false,0
1004,true,4
1005,false,1
1006,false,0
1007,true,254
1008,true,406
1009,false,0
1010,true,0
1011,false,0
1012,false,0
1013,false,0
1014,false,0
1016,true,0
1017,true,6
1018,true,555
1019,false,0
1020,true,0
1021,false,0
1022,false,163
1023,true,0
1024,false,0
1025,false,0
1026,false,0
1027,true,119
1028,false,0
1029,false,0
1030,false,1
1031,false,0
1032,false,283
1033,false,33
1034,true,84
1035,false,7
1036,true,0
1037,false,2
1038,false,0
1039,true,0
1040,false,0
1042,true,0
1043,true,0
1044,false,0
1045,false,800
1046,false,0
1047,true,28
1048,false,0
1049,true,0
1050,false,0
1051,false,0
1052,false,0
1053,false,0
1054,true,0
1055,false,0
1056,false,353
1057,false,0
1058,true,28
1059,false,0
1060,false,31
1061,false,0
1062,false,0
1063,true,0
1064,false,0
1065,false,0
1066,false,5
1067,false,0
1068,true,1
1069,false,0
1070,false,0
1071,true,3
1072,false,0
1073,false,6
1074,false,3
1075,false,25
1076,false,5
1077,false,0
1078,false,0
1079,false,0
1080,true,1
1081,false,1
1082,false,1
1083,false,1
1084,true,35
1085,false,1
1086,false,0
1087,false,0
1088,false,3
1089,false,0
1090,true,0
1091,false,0
1092,true,3
1093,false,0
1094,false,4
1095,false,0
1096,true,0
1097,false,0
1098,false,344
1099,false,0
1100,true,22
1102,false,0
1103,true,7
1104,false,0
1105,false,19
1106,false,4
1107,false,0
1108,false,2
1109,false,6
1110,false,0
1111,true,1
1112,true,0
1113,true,124
1114,false,340
1115,false,5
1116,false,6
1117,true,15
1118,true,12
1119,false,14
1120,true,19
1121,true,1
1122,false,11
1123,false,0
1124,false,141
1125,false,0
1127,false,0
1128,true,12
1129,false,74
1130,false,133
1131,false,0
1132,false,155
1133,false,2
1134,false,0
1135,false,7
1136,false,0
1137,false,1
1138,true,0
1139,false,0
1140,false,0
1141,false,0
1142,false,3
1143,true,17
1144,false,34
1145,true,13
1146,false,0
1147,false,0
1148,false,10
1149,false,0
1150,true,4
1151,false,45
1152,false,10
1153,false,51
1154,false,12
1155,false,324
1156,false,0
1157,true,215
1158,false,3
1159,false,0
1160,false,0
1161,false,0
1162,false,0
1163,true,10
1164,false,0
1165,false,0
1166,true,3
1167,false,736
1168,false,4
1169,false,2
1170,false,0
1171,false,0
1172,false,0
1173,false,76
1174,false,0
1175,true,0
1176,false,0
1177,true,6
1178,false,0
1179,false,0
1180,true,0
1181,false,0
1182,false,5
1183,false,0
1184,true,0
1185,false,317
1186,true,0
1187,false,1
1188,true,4
1189,false,0
1190,false,0
1191,false,0
1192,false,0
1193,false,0
1194,false,0
1195,false,120
1196,false,0
1197,true,0
1198,false,0
1199,true,3
1200,false,0
1201,true,3
1202,false,315
1203,false,358
1204,false,0
1205,false,0
1206,false,0
1207,false,0
1208,false,0
1209,false,0
1210,false,0
1211,false,0
1212,false,0
1213,false,0
1214,false,1
1215,false,0
1216,false,0
1217,true,5
1218,true,0
1219,false,0
1220,false,0
1221,false,5
1222,false,0
1224,false,0
1225,false,0
1226,false,0
1227,false,5
1228,false,0
1229,false,0
1230,false,0
1231,false,0
1232,false,0
1233,false,0
1234,false,0
1235,false,0
1236,false,0
1237,false,2
1238,false,0
1239,true,7
1240,false,1
1241,false,0
1242,false,0
1243,true,0
1244,false,0
1245,false,0
1246,false,0
1247,false,0
1249,false,0
1250,false,0
1251,false,80
1252,false,29
1253,false,113
1254,true,188
1255,false,0
1256,false,0
1257,false,3
1258,true,24
1259,false,0
1260,false,62
1261,false,0
1262,false,5
1263,true,364
1264,false,2
1266,false,1
1267,false,1
1268,false,1
1269,false,4
1270,false,7
1272,true,307
1273,true,20
1274,false,0
1275,false,37
1276,true,21
1277,false,73
1278,false,73
1279,false,6
1280,false,30
1281,false,0
1282,false,0
1283,false,0
1284,false,172
1285,true,69
1286,false,4
1287,false,0
1288,false,0
1289,false,56
1290,false,0
1291,false,0
1292,false,17
1293,false,1
1294,false,0
1295,true,73
1296,false,15
1297,false,40
1298,false,0
1299,false,1
1300,true,560
1301,false,0
1302,true,13
1303,false,0
1304,false,12
1306,false,51
1307,false,0
1308,false,20
1309,false,0
1310,false,1
1311,false,14
1312,false,107
1313,false,0
1314,false,0
1315,false,9
1316,false,0
1317,false,0
1318,false,1
1319,false,7
1320,false,7
1321,false,9
1322,false,7
1323,false,7
1324,true,0
1325,false,0
1326,false,10
1327,false,0
1328,false,0
1330,false,0
1331,false,20
1332,false,6
1333,false,6
1334,false,0
1335,false,81
1336,true,30
1337,false,25
1338,true,35
1339,true,104
1340,false,0
1341,false,1
1342,false,77
1343,false,106
1344,false,8
1345,false,0
1346,false,0
1348,false,0
1349,false,7
1351,false,22
1352,false,13
1353,false,13
1354,false,0
1355,false,725
1356,false,0
1357,false,5
1358,false,0
1359,false,0
1360,false,3
1361,true,241
1362,true,414
1363,false,30
1364,true,182
1365,true,1
1366,false,0
1367,false,0
1368,false,2
1369,false,0
1370,false,0
1371,false,1
1372,false,4
1373,true,7
1374,true,16
1375,false,0
1376,true,2
1377,false,2
1378,false,36
1379,false,0
1380,false,1
1382,false,0
1383,false,0
1384,false,0
1385,false,0
1386,false,51
1387,true,2
1388,true,96
1389,false,0
1390,false,0
1391,true,111
1392,false,262
1393,false,1
1394,false,0
1395,false,0
1396,false,16
1397,false,0
1398,false,0
1399,true,3
1400,false,0
1401,false,1
1402,false,14
1403,false,2
1404,true,1
1405,false,3
1406,false,0
1407,false,1
1408,false,2
1409,false,35
1410,false,0
1411,false,0
1412,false,0
1413,false,1
1414,true,0
1415,false,0
1416,false,0
1417,false,0
1418,true,0
1419,false,0
1420,false,0
1422,false,11
1423,false,0
1424,false,0
1425,false,1
1426,false,0
1427,true,1
1428,false,0
1429,false,0
1430,true,0
1431,false,0
1432,false,0
1433,false,0
1434,true,22
1435,false,0
1436,false,0
1437,true,112
1438,false,0
1440,false,0
1441,false,0
1442,false,4
1443,false,38
1444,false,0
1445,false,0
1446,true,0
1447,false,0
1448,false,0
1449,true,3
1450,false,0
1451,false,0
1452,false,0
1453,false,540
1454,false,0
1455,false,437
1456,false,0
1457,false,0
1458,false,44
1459,false,0
1460,false,0
1461,false,6
1462,false,0
1463,false,2
1464,false,0
1465,false,1
1466,false,0
1467,false,0
1468,false,52
1469,false,52
1470,false,0
1471,false,0
1472,true,0
1473,false,0
1474,false,0
1475,false,0
1476,false,51
1477,false,3
1478,true,23
1480,false,15
1481,false,0
1482,false,0
1483,false,1
1484,false,1
1485,false,0
1486,false,0
1487,true,19
1488,false,0
1489,false,0
1490,false,0
1491,false,0
1492,false,0
1493,false,11
1494,true,287
1495,false,0
1496,false,0
1497,false,0
1498,false,48
1499,false,0
1500,false,14
1501,true,16
1502,false,0
1503,false,0
1504,false,0
1505,false,0
1506,true,0
1507,true,0
1508,false,0
1509,true,34
1510,false,0
1511,true,9
1512,false,0
1513,false,1
1514,false,1
1515,false,291
1516,false,5
1517,false,0
1518,false,0
1519,false,6
1520,false,0
1521,false,42
1522,false,238
1523,false,0
1524,false,0
1525,false,0
1526,false,0
1527,false,0
1528,false,0
1529,false,5
1530,false,2
1531,true,20
1532,false,0
1533,false,0
1534,false,0
1535,false,0
1536,true,10
1537,false,1
1538,false,235
1539,false,2
1540,false,1
1541,false,0
1542,false,0
1543,false,0
1544,false,0
1545,false,7
1546,false,0
1547,false,0
1548,false,1
1549,false,1
1550,false,40
1551,false,7
1552,false,247
1553,false,4
1554,false,36
1555,false,15
1556,false,2
1557,false,0
1558,true,4
1559,false,36
1560,false,36
1561,false,0
1562,false,1
1563,true,5
1564,true,5
1565,false,0
1566,false,30
1567,false,32
1568,false,4
1569,false,19
1570,false,1
1571,false,35
1572,false,0
1573,false,4
1574,false,0
1575,true,0
1576,false,1
1577,false,3
1578,false,0
1579,false,0
1580,false,0
1581,false,33
1582,false,1
1583,false,0
1584,false,0
1585,false,0
1586,false,0
1587,false,0
1588,false,0
1589,false,0
1590,false,2
1591,true,28
1592,false,133
1593,true,1
1594,false,17
1595,false,0
1596,false,502
1598,false,11
1599,false,0
1600,false,0
1601,false,0
1602,false,378
1604,false,0
1605,false,0
1606,true,0
1607,false,0
1608,false,0
1609,false,29
1610,true,8
1611,false,0
1612,false,0
1613,true,0
1614,false,0
1615,true,0
1616,false,0
1617,false,0
1618,false,0
1619,false,0
1620,false,0
1621,false,0
1622,false,27
1623,false,0
1624,false,27
1625,false,0
1626,false,27
1627,false,0
1628,false,0
1629,false,1
1630,false,26
1631,false,221
1632,true,0
1633,false,0
1635,false,0
1636,false,2
1637,false,0
1638,false,0
1639,false,2
1640,false,15
1641,false,0
1642,false,2
1643,false,3
1644,false,0
1645,false,0
1646,false,0
1647,false,0
1648,false,0
1649,true,1
1650,false,6
1651,false,0
1652,true,1
1653,false,19
1654,false,0
1655,false,0
1656,false,19
1657,false,0
1658,false,257
1659,false,1
1660,false,0
1661,false,0
1662,false,18
1663,true,0
1664,false,0
1665,false,0
1666,false,0
1667,false,0
1668,true,0
1669,false,0
1671,false,17
1673,false,0
1674,false,0
1675,true,63
1676,false,1
1678,true,9
1679,true,0
1680,false,1
1681,false,0
1682,false,1
1683,false,608
1684,false,0
1685,false,0
1686,false,0
1687,false,0
1688,false,0
1689,false,0
1690,true,2
1691,false,0
1692,true,8
1693,false,0
1694,false,0
1695,false,0
1696,true,0
1697,false,0
1698,false,0
1699,false,0
1700,false,3
1701,true,359
1702,false,0
1703,false,0
1704,false,0
1705,false,0
1706,false,0
1707,true,0
1708,false,0
1709,false,0
1710,false,206
1712,false,14
1713,false,2
1714,false,0
1715,false,475
1716,false,80
1717,false,0
1718,false,0
1719,false,27
1720,false,0
1721,true,1
1722,true,0
1723,false,0
1724,false,1
1725,false,0
1726,false,1
1727,false,8
1728,true,5
1729,false,0
1730,false,0
1731,false,255
1732,false,1
1733,false,0
1735,false,0
1736,false,0
1737,false,40
1738,true,3
1739,false,0
1740,false,205
1741,false,0
1742,false,0
1743,true,3
1744,false,1
1745,false,0
1747,false,2
1748,false,2
1749,true,0
1750,true,54
1751,true,56
1752,false,0
1753,false,4
1754,true,0
1755,false,0
1756,false,0
1757,false,0
1758,false,18
1759,false,467
1760,false,0
1761,false,1
1762,true,0
1763,false,0
1764,false,0
1765,true,1
1766,true,1
1767,true,3
1768,false,85
1769,true,90
1770,false,17
1771,false,0
1772,false,0
1773,false,0
1774,false,2
1775,false,0
1777,false,0
1778,false,0
1779,false,0
1780,false,194
1781,false,0
1782,true,1
1783,false,0
1784,false,1
1785,false,0
1786,true,1
1788,false,0
1789,false,0
1790,false,0
1791,false,3
1792,false,0
1793,false,300
1794,false,299
1795,false,461
1796,false,0
1797,false,0
1798,false,0
1799,true,0
1800,false,1
1801,false,0
1802,false,0
1803,false,0
1804,false,1
1805,false,77
1806,false,0
1807,false,0
1808,false,9
1809,false,25
1810,false,25
1811,false,0
1812,false,3
1813,false,0
1814,false,0
1815,false,0
1816,false,0
1817,true,99
1818,false,1
1820,false,0
1821,false,9
1822,true,4
1823,false,2
1825,false,2
1826,false,1
1827,false,292
1828,false,22
1829,false,1
1831,true,3
1832,false,0
1833,true,2
1834,false,291
1835,false,0
1836,false,0
1837,false,130
1839,false,177
1840,false,0
1841,false,5
1842,false,0
1843,false,0
1844,false,0
1846,false,13
1847,false,0
1848,true,60
1849,false,0
1850,false,11
1851,false,180
1852,false,72
1853,false,85
1854,false,0
1855,false,0
1856,false,28
1857,false,0
1858,true,0
1859,false,0
1860,true,0
1861,false,0
1862,false,0
1863,false,0
1864,false,68
1865,false,0
1866,false,0
1867,false,0
1868,false,0
1869,false,1
1870,false,0
1871,true,1
1872,false,0
1873,false,64
1874,false,177
1875,false,55
1876,false,179
1877,false,329
1878,false,6
1880,false,7
1881,false,0
1882,false,0
1884,false,2
1885,false,6
1886,false,1
1887,false,0
1888,false,0
1889,false,177
1890,false,0
1891,false,0
1892,false,10
1893,false,0
1894,true,0
1895,false,0
1896,false,0
1897,false,0
1898,false,1
1899,false,0
1900,false,0
1901,false,0
1902,true,0
1903,false,0
1904,false,0
1905,false,0
1906,false,0
1907,true,110
1908,false,0
1909,false,329
1910,false,5
1911,false,0
1912,false,0
1913,false,15
1914,false,0
1915,false,0
1916,false,0
1917,false,164
1918,true,0
1919,false,0
1920,false,0
1921,true,0
1922,false,0
1924,false,0
1926,false,0
1927,false,0
1928,false,0
1929,true,192
1930,false,0
1931,true,1
1932,false,0
1933,false,0
1934,false,0
1935,false,0
1936,false,46
1937,true,1
1938,false,159
1939,false,46
1940,false,1
1941,false,0
1942,false,0
1943,false,1
1944,false,47
1946,false,0
1947,false,0
1948,false,0
1949,false,0
1950,true,18
1951,false,0
1952,true,2
1953,true,79
1954,false,47
1955,false,0
1956,false,0
1957,false,0
1958,false,0
1959,false,1
1960,false,432
1961,false,0
1962,false,1
1963,false,1
1965,false,0
1966,false,0
1967,false,0
1968,false,2
1969,true,2
1970,false,0
1971,false,0
1972,false,12
1973,false,41
1974,false,1
1975,false,0
1976,true,0
1977,false,0
1978,true,1
1979,false,0
1980,false,35
1981,false,30
1982,false,0
1983,false,197
1984,false,0
1985,false,3
1986,true,4
1987,false,0
1988,false,1
1989,false,0
1990,false,27
1991,false,0
1992,false,0
1993,true,11
1994,false,0
1995,false,29
1996,false,2
1997,false,80
1998,false,0
1999,true,9
2000,false,0
2001,false,4
2002,false,0
2003,false,145
2004,true,61
2005,false,0
2006,false,0
2007,false,34
2008,false,143
2009,true,1
2010,true,5
2011,false,0
2012,true,4
2013,false,6
2014,false,0
2015,false,0
2016,false,0
2017,true,46
2018,false,0
2019,false,5
2020,false,247
2021,false,0
2022,false,1
2023,false,1
2024,false,0
2025,false,0
2026,false,137
2027,false,0
2028,false,0
2029,true,0
2030,false,0
2031,false,0
2032,false,0
2033,false,0
2034,true,2
2035,false,0
2036,false,0
2037,false,1
2038,false,1
2039,true,1
2040,true,1
2041,true,6
2042,true,0
2043,false,132
2044,true,6
2045,false,0
2046,false,0
2047,false,285
2048,false,0
2049,false,0
2050,false,420
2051,false,0
2052,false,0
2053,false,0
2055,false,0
2056,false,0
2058,true,0
2059,true,2
2060,false,0
2061,false,6
2062,false,0
2063,true,8
2064,false,0
2065,false,0
2066,false,23
2067,false,11
2068,false,2
2069,false,152
2071,false,0
2072,false,0
2073,false,229
2074,false,0
2075,false,0
2076,false,0
2077,false,0
2078,false,227
2079,false,0
2080,false,0
2081,false,0
2082,true,10
2083,true,1
2084,false,1
2085,false,0
2086,false,0
2087,false,0
2088,false,0
2089,false,0
2090,true,29
2091,false,0
2092,false,0
2093,false,0
2094,false,1
2095,false,113
2096,false,113
2099,false,219
2100,false,3
2101,false,0
2102,false,1
2103,false,5
2104,false,7
2105,false,218
2106,false,1
2107,false,26
2108,false,4
2109,false,1
2110,false,0
2111,false,217
2112,false,108
2113,false,214
2114,true,26
2115,false,214
2116,false,1
2117,false,13
2118,false,7
2119,false,106
2120,false,0
2121,false,24
2122,false,0
2123,false,0
2124,false,3
2125,false,0
2126,false,1
2127,false,104
2128,false,0
2129,true,1
2130,true,1
2131,false,0
2132,false,0
2133,false,0
2134,true,0
2135,false,0
2136,false,7
2137,false,0
2138,true,5
2139,true,100
2141,false,0
2142,false,0
2143,true,0
2144,false,15
2145,false,3
2146,false,0
2147,false,3
2148,false,410
2149,false,0
2150,false,1
2151,true,163
2152,false,0
2153,false,0
2154,false,0
2155,true,6
2156,false,0
2158,true,4
2159,false,205
2160,false,0
2161,true,3
2162,false,0
2163,false,0
2164,false,1
2165,true,1
2166,false,93
2167,false,0
2168,false,0
2169,false,1
2170,false,3
2171,false,1
2172,false,26
2173,false,92
2174,false,0
2175,false,91
2176,false,39
2177,false,0
2178,false,1
2179,false,0
2180,false,0
2181,false,0
2182,true,10
2183,false,0
2184,false,0
2185,false,3
2186,true,1
2187,false,0
2188,false,0
2189,false,33
2190,false,0
2191,false,1
2192,true,129
2193,false,129
2194,false,31
2195,false,0
2196,false,0
2197,false,1
2198,false,128
2199,false,4
2200,false,0
2201,true,0
2202,false,0
2203,false,0
2204,false,2
2205,false,0
2206,false,0
2207,false,0
2209,false,0
2210,true,110
2212,true,0
2213,false,189
2214,false,0
2215,false,0
2216,false,0
2219,false,0
2220,false,0
2222,false,0
2223,false,0
2224,false,0
2225,false,0
2226,false,0
2227,false,0
2228,false,0
2229,false,0
2230,false,2
2231,false,7
2232,false,9
2233,true,0
2234,false,75
2236,true,22
2237,false,0
2238,false,0
2239,false,0
2240,false,21
2241,false,74
2242,false,0
2243,false,5
2244,false,0
2245,false,0
2246,true,2
2247,false,0
2248,false,0
2249,false,0
2251,true,50
2252,false,219
2253,false,0
2254,false,69
2255,false,19
2256,false,0
2257,false,0
2258,false,176
2259,false,0
2260,false,0
2261,false,16
2262,true,63
2263,false,0
2264,false,0
2265,false,0
2266,false,176
2268,false,0
2269,false,0
2270,false,0
2271,false,58
2272,false,0
2273,false,0
2274,false,66
2275,false,6
2276,false,0
2277,false,0
2278,false,0
2279,false,0
2280,false,0
2281,false,64
2282,true,31
2283,false,0
2284,true,0
2285,false,0
2286,false,0
2287,false,0
2288,true,184
2289,false,0
2290,false,63
2293,false,0
2294,true,8
2295,false,0
2296,true,8
2297,false,0
2298,false,265
2301,false,11
2302,false,0
2303,false,0
2304,false,0
2305,false,311
2306,false,0
2307,false,0
2308,false,0
2309,true,4
2310,false,0
2311,false,0
2312,false,0
2313,false,0
2314,false,107
2315,false,80
2316,true,34
2317,false,4
2318,false,0
2319,false,53
2320,false,20
2321,true,1
2322,false,0
2323,false,0
2324,false,0
2325,false,0
2326,false,51
2329,true,0
2330,false,0
2331,false,0
2332,false,0
2333,false,0
2334,false,0
2335,true,0
2336,false,0
2337,false,0
2338,false,28
2339,true,0
2340,false,0
2341,false,0
2342,false,277
2343,false,0
2345,false,0
2346,false,0
2347,false,0
2348,false,0
2349,false,0
2350,false,1
2351,true,0
2352,false,0
2353,false,47
2354,false,12
2355,false,1
2356,false,46
2357,false,46
2358,false,0
2359,false,0
2360,false,0
2361,false,271
2362,false,2
2363,false,42
2364,true,1
2365,false,1
2366,false,0
2367,false,0
2368,true,11
2369,true,1
2371,true,3
2372,false,3
2373,true,0
2374,false,0
2375,false,5
2376,false,0
2377,true,28
2378,false,0
2379,false,6
2380,false,0
2381,false,3
2382,false,0
2383,false,2
2384,false,0
2385,false,5
2386,false,0
2387,false,0
2388,false,0
2389,true,3
2390,false,0
2391,false,1
2392,true,102
2393,false,6
2394,true,0
2395,false,0
2396,false,0
2397,false,1
2398,false,0
2399,false,38
2400,false,279
2401,false,0
2402,false,0
2403,false,2
2404,true,0
2405,false,3
2406,false,0
2407,false,0
2408,false,0
2409,false,0
2410,false,0
2411,false,0
2412,false,0
2413,false,0
2414,false,250
2415,false,0
2416,true,391
2418,false,0
2419,false,0
2420,false,0
2421,false,0
2422,true,1
2423,false,0
2424,false,0
2425,false,191
2427,false,0
2428,false,0
2429,false,0
2430,false,0
2431,false,0
2432,false,0
2433,true,59
2434,true,0
2435,false,2
2437,false,0
2438,false,12
2439,false,443
2440,false,1
2441,false,430
2442,false,0
2443,false,1
2444,false,53
2445,false,0
2446,true,1
2447,false,0
2448,false,0
2449,false,0
2550,false,0
2551,false,28
2552,false,3
2553,false,0
2554,false,0
2555,false,3
2556,false,90
2557,false,0
2558,false,0
2559,false,0
2560,false,0
2561,true,0
2562,false,0
2563,false,0
2564,false,0
2565,false,0
2566,false,0
2567,false,9
2568,false,0
2569,false,0
2570,false,5
2572,false,0
2573,false,0
2574,false,0
2575,false,0
2576,false,1
2577,false,118
2578,false,0
2579,false,0
2580,false,1
2581,false,0
2582,false,0
2583,false,0
2584,false,116
2585,false,3
2586,false,0
2587,false,0
2588,false,0
2589,true,25
2590,false,0
2591,false,1
2592,false,0
2593,false,0
2594,false,1
2595,false,1
2596,false,7
2597,false,0
2598,true,2
2600,true,0
2601,false,0
2602,false,0
2603,false,0
2604,true,14
2605,true,14
2607,false,80
2608,true,0
2609,false,0
2610,false,0
2611,false,0
2612,false,0
2613,false,1
2614,false,0
2615,false,0
2616,false,0
2617,false,0
2618,false,0
2620,false,0
2621,true,0
2623,false,0
2624,true,82
2625,false,2
2626,false,0
2627,true,1
2628,false,0
2629,false,32
2630,true,1
2631,false,1
2632,false,0
2633,false,1
2634,false,0
2635,false,1
2637,false,0
2639,false,0
2640,false,0
2641,false,0
2642,false,0
2645,false,1
2646,false,0
2648,false,0
2650,true,0
2651,false,19
2653,false,0
2654,false,183
2655,false,0
2656,false,0
2657,false,0
2658,false,0
2659,false,14
2662,true,8
2663,true,72
2664,false,0
2665,true,7
2666,false,6
2667,true,3
2669,false,0
2670,false,0
2671,true,0
2672,false,4
2673,false,0
2674,false,0
2675,false,7
2676,false,0
2677,false,0
2678,false,0
2679,false,342
2680,false,0
2681,false,0
2682,false,0
2683,false,0
2684,false,0
2685,false,0
2686,false,0
2687,false,1
2688,false,0
2689,false,0
2690,false,0
2691,false,4
2692,false,0
2693,false,0
2694,true,0
2695,false,0
2696,false,0
2699,false,0
2700,false,0
2701,false,0
2702,false,0
2703,true,42
2704,true,1
2705,true,0
2706,false,0
2707,false,0
2708,false,0
2709,false,13
2711,false,0
2712,false,0
2713,false,0
2714,false,4
2715,false,0
2716,false,0
2717,false,0
2718,false,1
2719,false,0
2720,false,0
2722,false,0
2723,false,6
2724,false,0
2726,false,0
2727,false,0
2728,true,0
2729,false,0
2731,false,0
2732,true,4
2733,false,0
2734,false,0
2735,false,0
2736,false,0
2738,false,2
2742,false,0
2744,false,0
2745,false,0
2746,false,11
2747,true,2
2748,false,2
2749,false,0
2750,false,0
2751,false,0
2752,false,0
2753,false,1
2754,false,0
2755,false,0
2756,false,66
2757,false,0
2758,false,23
2759,false,1
2761,false,0
2762,false,0
2763,false,0
2764,false,0
2765,true,7
2766,false,0
2768,false,0
2772,false,0
2773,false,0
2775,false,27
2776,false,0
2777,false,0
2779,true,66
2780,false,0
2781,false,1
2782,true,133
2785,false,0
2786,false,0
2787,false,16
2788,false,137
2789,false,0
2790,false,0
2791,false,12
2792,false,17
2793,false,17
2794,false,0
2795,false,11
2796,false,0
2797,false,0
2798,false,7
2799,false,7
2800,false,0
2801,false,7
2802,false,16
2803,false,7
2804,false,0
2805,false,0
2806,false,0
2808,false,0
2809,false,0
2810,false,1
2811,false,0
2812,false,0
2813,false,5
2814,false,0
2815,false,0
2816,false,0
2817,false,0
2818,false,0
2819,true,1
2820,true,4
2821,false,0
2822,false,0
2823,false,51
2824,false,0
2825,false,8
2826,false,0
2827,true,2
2828,false,6
2829,false,0
2830,false,0
2831,false,0
2832,false,0
2833,false,0
2834,false,1
2835,false,24
2836,false,9
2837,false,153
2838,false,0
2839,false,206
2840,true,0
2841,false,0
2842,false,30
2843,false,0
2844,true,0
2845,false,0
2846,false,4
2847,false,0
2848,false,0
2849,false,0
2850,false,0
2851,true,0
2852,false,0
2853,false,0
2854,true,16
2855,false,0
2856,false,0
2857,false,61
2858,false,0
2859,false,0
2860,false,219
2861,false,0
2862,false,0
2863,false,0
2864,false,42
2865,false,0
2866,false,26
2867,false,0
2868,false,0
2869,false,0
2870,false,0
2871,false,0
2872,true,15
2873,false,0
2874,false,0
2875,false,0
2876,false,0
2877,false,0
2878,true,0
2879,false,0
2880,false,0
2881,false,0
2882,true,4
2883,false,0
2884,false,0
2885,false,0
2887,false,0
2888,false,0
2889,false,7
2890,true,1
2891,false,0
2892,false,0
2893,false,0
2894,false,0
2895,false,0
2896,false,0
2897,false,0
2898,false,0
2899,true,4
2900,false,0
2901,false,0
2902,false,0
2903,false,0
2904,false,0
2905,false,0
2906,false,37
2907,false,0
2909,false,0
2910,false,10
2912,true,10
2913,false,0
2914,false,14
2915,true,10
2916,false,0
2917,false,0
2918,false,0
2919,false,0
2920,false,0
2921,false,0
2923,false,0
2924,false,264
2925,false,0
2926,true,7
2927,false,0
2928,false,0
2929,false,0
2930,false,0
2931,false,0
2932,false,1
2933,false,0
2935,false,0
2936,false,0
2937,false,0
2938,false,0
2939,false,0
2940,false,0
2942,false,0
2943,false,2
2944,false,1
2945,false,0
2946,false,0
2947,false,0
2948,false,2
2949,false,0
2950,false,1
2952,false,0
2953,false,0
2954,false,0
2955,false,0
2956,false,0
2957,false,0
2959,false,0
2960,false,0
2961,true,9
2962,false,0
2963,false,0
2964,false,0
2965,false,0
2966,false,0
2967,false,0
2968,false,2
2969,false,2
2970,false,0
2971,false,0
2972,false,1
2973,false,0
2974,false,0
2975,false,3
2976,false,0
2977,false,0
2978,false,0
2979,false,0
2980,false,0
2981,false,0
2982,false,17
2983,false,0
2984,false,0
2985,false,0
2986,false,0
2987,true,0
2988,false,0
2989,false,0
2991,false,0
2992,false,0
2993,true,11
2994,false,2
2995,false,0
2996,false,0
2997,false,0
2998,false,0
2999,false,0
3000,false,0
3001,false,215
3002,true,33
3003,false,0
3004,false,0
3005,false,0
3006,true,0
3007,false,2
3008,false,0
3009,false,0
3010,false,0
3011,false,27
3012,true,101
3013,false,0
3014,true,0
3015,false,0
3016,false,0
3017,false,63
3018,false,0
3019,false,0
3020,false,0
3021,false,0
3022,false,0
3023,false,2
3024,false,0
3025,false,0
3026,false,0
3027,false,0
3028,true,8
3029,false,2
3030,false,0
3031,false,0
3032,false,0
3033,false,0
3034,false,0
3035,false,0
3036,false,0
3037,false,35
3038,false,12
3039,false,0
3040,false,0
3041,false,0
3042,true,0
3043,false,0
3044,true,0
3045,true,0
3046,false,0
3047,false,0
3048,false,0
3049,false,0
3050,false,0
3051,false,0
3052,false,0
3053,false,0
3054,false,1
3055,false,10
3056,false,0
3057,false,0
3058,false,130
3059,false,0
3060,false,1
3061,false,0
3062,false,0
3063,false,0
3064,false,0
3065,false,0
3066,true,0
3067,false,0
3068,true,23
3069,false,0
3070,false,4
3071,false,0
3072,false,96
3073,false,19
3074,true,6
3075,false,6
3076,false,0
3077,true,55
3078,false,0
3079,false,0
3080,false,54
3081,false,0
3082,false,0
3083,false,3
3084,false,0
3085,false,11
3086,true,0
3087,false,8
3088,false,0
3089,false,0
3090,false,0
3091,false,0
3092,false,0
3093,false,0
3094,false,0
3095,false,0
3096,false,0
3097,false,40
3098,false,1
3099,true,9
3100,true,0
3101,false,0
3102,false,8
3103,true,0
3104,false,0
3105,false,0
3106,false,0
3107,false,0
3108,false,0
3109,false,0
3110,false,0
3111,false,0
3112,false,1
3113,false,0
3114,false,0
3115,true,0
3116,false,0
3117,false,1
3118,false,87
3119,false,0
3120,false,34
3121,false,0
3122,false,0
3123,false,0
3125,true,0
3126,false,0
3128,true,38
3129,true,0
3130,false,0
3131,false,0
3132,false,0
3133,false,0
3134,true,0
3135,false,0
3136,true,16
3137,false,0
3138,true,0
3139,false,0
3140,false,0
3141,false,0
3142,true,0
3143,false,11
3144,false,0
3145,true,0
3146,true,0
3147,false,0
3148,false,0
3149,false,0
3150,false,0
3151,false,0
3152,false,0
3153,false,0
3154,false,0
3155,false,30
3156,false,0
3157,false,0
3158,false,0
3159,false,0
3160,false,15
3161,false,0
3162,false,0
3163,true,2
3164,true,0
3165,true,0
3166,false,83
3167,false,0
3168,false,0
3169,false,102
3170,false,0
3171,false,0
3172,false,6
3173,false,0
3174,true,3
3175,false,0
3176,false,1
3177,false,0
3178,true,0
3179,true,1
3180,false,0
3181,false,0
3182,true,5
3184,false,0
3185,false,0
3186,false,0
3187,false,0
3188,false,0
3189,false,254
3190,false,0
3191,false,0
3192,false,0
3193,true,2
3194,false,0
3195,false,0
3196,false,0
3197,true,232
3198,false,0
3199,false,0
3200,false,0
3201,true,0
3202,false,0
3203,false,3
3204,true,3
3205,false,0
3206,false,0
3207,false,0
3208,false,0
3209,false,0
3210,false,0
3213,false,0
3214,false,0
3216,false,0
3217,false,2
3218,false,2
3219,false,7
3220,false,0
3221,false,0
3222,false,0
3223,true,0
3224,false,0
3225,false,0
3226,false,2
3227,true,33
3228,false,0
3229,false,0
3230,false,0
3231,false,0
3232,false,0
3233,false,0
3234,false,0
3235,false,0
3236,true,0
3237,false,0
3238,false,0
3239,false,0
3240,false,0
3241,true,172
3242,false,0
3243,false,0
3244,false,0
3245,false,54
3246,false,0
3247,false,0
3248,false,0
3249,false,0
3250,false,0
3251,false,0
3252,false,0
3253,false,0
3254,false,60
3255,false,0
3256,false,0
3257,false,0
3258,false,72
3259,false,3
3260,false,0
3261,false,0
3262,true,2
3263,false,0
3264,false,0
3265,false,0
3266,false,0
3267,true,0
3268,false,0
3269,false,0
3270,false,0
3272,false,1
3273,false,0
3274,false,0
3275,false,0
3276,false,27
3277,false,0
3278,true,26
3279,false,0
3280,false,0
3281,false,0
3282,false,240
3284,false,0
3285,false,0
3286,false,0
3287,true,0
3288,false,0
3289,false,0
3290,false,0
3291,false,0
3292,false,2
3293,false,0
3294,false,0
3295,false,0
3296,false,4
3297,true,48
3298,false,0
3299,true,3
3300,false,0
3301,true,3
3302,false,0
3303,false,0
3304,false,0
3305,true,52
3306,true,2
3308,false,0
3309,false,0
3310,true,3
3311,false,0
3312,false,0
3313,false,0
3314,false,0
3315,false,0
3316,false,0
3317,false,0
3318,false,0
3319,false,0
3320,false,0
3321,true,3
3323,false,0
3324,false,1
3325,false,0
3326,false,0
3327,false,0
3328,false,229
3329,false,1
3330,true,0
3331,false,0
3332,false,0
3333,false,0
3334,false,53
3335,true,5
3336,false,0
3337,true,2
3338,false,0
3339,false,0
3340,true,0
3341,false,0
3342,false,0
3343,false,0
3344,false,0
3346,true,6
3347,true,6
3348,true,0
3349,true,0
3350,false,0
3351,false,1
3352,false,0
3353,false,0
3354,false,7
3355,true,0
3356,false,0
3358,false,0
3359,false,0
3360,false,5
3361,false,0
3362,true,0
3363,false,0
3364,false,0
3365,false,0
3366,false,0
3367,false,0
3368,false,0
3369,false,0
3370,false,1
3371,false,2
3372,false,0
3373,false,0
3374,false,0
3375,true,0
3376,false,0
3377,false,0
3378,false,0
3380,false,0
3381,false,0
3382,false,0
3383,false,0
3384,false,0
3385,false,0
3386,false,0
3387,false,22
3389,false,40
3390,false,0
3391,false,0
3392,false,0
3393,false,0
3394,true,137
3395,false,0
3396,false,15
3397,true,4
3398,false,0
3400,false,0
3401,false,4
3402,false,0
3403,false,0
3404,false,0
3405,false,0
3406,false,1
3407,true,157
3408,false,0
3410,false,0
3411,false,2
3412,false,0
3413,false,0
3414,false,0
3415,false,0
3416,false,0
3417,false,0
3418,false,0
3419,false,3
3421,false,0
3422,false,1
3423,false,0
3424,false,24
3426,false,0
3427,false,0
3428,false,0
3429,false,0
3431,false,13
3432,false,28
3434,false,1
3435,false,0
3436,true,0
3437,false,0
3438,false,0
3440,true,0
3441,false,1
3442,false,0
3443,false,0
3444,false,3
3445,true,0
3446,false,0
3447,false,18
3448,true,0
3449,true,0
3450,false,0
3451,true,0
3452,false,0
3453,false,0
3454,false,0
3455,false,0
3456,false,0
3457,true,7
3458,true,7
3459,false,0
3460,false,0
3461,true,0
3462,false,0
3463,false,1
3464,false,5
3465,false,0
3466,true,9
3467,false,0
3468,true,0
3469,false,0
3470,true,2
3471,false,2
3473,false,39
3475,false,0
3476,false,5
3477,false,0
3478,false,2
3479,false,0
3480,false,1
3481,false,3
3482,false,0
3483,false,0
3484,false,0
3485,false,0
3486,false,0
3487,false,0
3488,false,0
3490,false,0
3491,false,0
3492,true,1
3493,false,0
3494,false,10
3495,false,0
3496,true,21
3497,false,2
3498,false,0
3499,false,0
3500,true,10
3501,false,0
3502,true,19
3503,true,8
3505,true,8
3506,true,8
3507,false,9
3509,true,8
3510,false,9
3511,true,8
3512,false,0
3513,true,0
3514,false,0
3515,false,61
3516,true,0
3517,true,0
3518,false,0
3519,false,0
3520,false,126
3522,false,81
3523,false,124
3525,true,15
3526,false,96
3527,false,116
3528,false,129
3529,true,0
3530,true,1
3531,false,0
3532,false,0
3533,false,18
3534,false,0
3535,false,0
3536,false,0
3537,false,0
3538,false,0
3539,false,92
3540,false,14
3541,false,13
3542,false,0
3543,false,0
3544,false,0
3545,false,0
3546,false,0
3547,false,87
3548,false,0
3549,false,0
3550,false,0
3551,false,2
3552,false,0
3553,false,0
3554,false,69
3555,false,0
3556,false,0
3557,false,0
3558,false,0
3559,false,0
3560,false,0
3561,false,20
3562,false,0
3563,false,79
3564,false,0
3565,false,0
3566,false,0
3567,false,77
3568,false,0
3569,false,0
3570,false,0
3571,false,16
3572,false,0
3573,false,0
3574,false,0
3575,false,0
3576,false,0
3577,true,34
3578,true,15
3579,false,0
3580,false,0
3581,false,0
3582,false,0
3583,false,0
3584,true,116
3585,false,1
3587,false,0
3588,true,12
3589,false,0
3590,false,0
3591,false,0
3592,false,0
3593,false,0
3594,false,0
3596,true,0
3597,false,0
3598,false,0
3599,false,0
3600,false,69
3601,false,0
3602,false,0
3603,false,0
3605,false,31
3606,false,1
3607,false,0
3609,false,0
3610,false,0
3611,false,0
3612,false,0
3613,true,2
3614,true,1
3615,false,0
3617,false,0
3618,false,0
3619,true,12
3621,false,0
3622,false,1
3623,true,22
3624,false,131
3626,false,2
3627,false,6
3629,false,0
3630,false,0
3631,false,0
3632,false,0
3634,true,39
3635,false,7
3636,false,20
3637,false,6
3638,true,6
3639,true,2
3640,false,2
3641,false,0
3642,false,52
3643,false,0
3644,false,0
3645,false,0
3646,false,0
3647,true,14
3648,false,50
3649,false,0
3650,false,0
3651,true,0
3652,false,0
3653,false,110
3654,false,0
3655,false,0
3656,false,0
3657,false,0
3658,false,0
3659,false,0
